B00IFG88SM	https://m.media-amazon.com/images/I/51h1jhqTiZL._SL300_.jpg
B0189PX1RQ	https://m.media-amazon.com/images/I/51CTJKORW7L._SL300_.jpg
B07SXBB3FS	https://m.media-amazon.com/images/I/41bg11XnxiL._SL300_.jpg
B004S3GJYQ	https://m.media-amazon.com/images/I/61LBa-MPCBL._SL300_.jpg
1250834384	https://m.media-amazon.com/images/I/41R1ko4SKtL._SL300_.jpg
B077757VRZ	https://m.media-amazon.com/images/I/51kUs53PpxL._SL300_.jpg
B0CW4ST43L	https://m.media-amazon.com/images/I/51ORqxYG1AL._SL300_.jpg
B06Y3C4DDM	https://m.media-amazon.com/images/I/51zS9Jn4A9L._SL300_.jpg
B07KRKJ8W8	https://m.media-amazon.com/images/I/519azHGsnGL._SL300_.jpg
B0758HJSG7	https://m.media-amazon.com/images/I/51x0P+oH6IL._SL300_.jpg
B071W76GKW	https://m.media-amazon.com/images/I/51ScILyZCKL._SL300_.jpg
1663712301	https://m.media-amazon.com/images/I/41vDGIOKukL._SL300_.jpg
B08N5C3QLB	https://m.media-amazon.com/images/I/51LMv04fxLL._SL300_.jpg
B09HL56398	https://m.media-amazon.com/images/I/51WP15HEh3L._SL300_.jpg
1524779261	https://m.media-amazon.com/images/I/513Y5o-DYtL._SL300_.jpg
B0711JQHHV	https://m.media-amazon.com/images/I/51DGugXofXL._SL300_.jpg
B074XGXWC8	https://m.media-amazon.com/images/I/51GxjqqcXpL._SL300_.jpg
B076BXLDVP	https://m.media-amazon.com/images/I/41xArfhy1DL._SL300_.jpg
B08KHR7KGZ	https://m.media-amazon.com/images/I/41sSUw6v0pL._SL300_.jpg
1469084864	https://m.media-amazon.com/images/I/513465dtvjL._SL300_.jpg
B0BDBP2JYG	https://m.media-amazon.com/images/I/41c0BPajBxL._SL300_.jpg
B0035C6SMO	https://m.media-amazon.com/images/I/41W1OCVdKmL._SL300_.jpg
1797115073	https://m.media-amazon.com/images/I/418-i3CjhPL._SL300_.jpg
B09DTJ7W3G	https://m.media-amazon.com/images/I/51VDDi-+UdL._SL300_.jpg
B098BJP5NS	https://m.media-amazon.com/images/I/51BCuG2BYXS._SL300_.jpg
B082VK6Q8G	https://m.media-amazon.com/images/I/51xVXCYXeGL._SL300_.jpg
1982648066	https://m.media-amazon.com/images/I/51F4nsOMnmL._SL300_.jpg
B0C1TFR8JL	https://m.media-amazon.com/images/I/41rGSqaFfVL._SL300_.jpg
B00CICE248	https://m.media-amazon.com/images/I/41Up7v+SW6L._SL300_.jpg
B00WRCF0RC	https://m.media-amazon.com/images/I/519cehSYe1L._SL300_.jpg
B076B2DTZ6	https://m.media-amazon.com/images/I/41KI1FujnmL._SL300_.jpg
B09JYDKRNW	https://m.media-amazon.com/images/I/41kX3hA+KeL._SL300_.jpg
B002ZF14MG	https://m.media-amazon.com/images/I/51GkmzSlQ+L._SL300_.jpg
B08NMQFKFD	https://m.media-amazon.com/images/I/51LCpTzITaL._SL300_.jpg
B01D3AC5BA	https://m.media-amazon.com/images/I/51ZMlBEI7BL._SL300_.jpg
B01G9E9C7M	https://m.media-amazon.com/images/I/61fetY72rkL._SL300_.jpg
B0C5Y44LWW	https://m.media-amazon.com/images/I/41dxyOX1GNL._SL300_.jpg
B00ZJFQN9I	https://m.media-amazon.com/images/I/41BoLINwhQL._SL300_.jpg
B06XKRF7TD	https://m.media-amazon.com/images/I/51KlO8qld4L._SL300_.jpg
B00A4OPH0U	https://m.media-amazon.com/images/I/41y9IkSGfwL._SL300_.jpg
0593150422	https://m.media-amazon.com/images/I/41ENTiGcWcL._SL300_.jpg
B00YD1FSRM	https://m.media-amazon.com/images/I/51XoMceg1ML._SL300_.jpg
B0051QF7L0	https://m.media-amazon.com/images/I/51mVg0vm3+L._SL300_.jpg
B0036FLXLQ	https://m.media-amazon.com/images/I/41jq-ouUBkL._SL300_.jpg
B06VX22V89	https://m.media-amazon.com/images/I/51dc79x8jsL._SL300_.jpg
B0041NZRDC	https://m.media-amazon.com/images/I/41jmEtzjjmL._SL300_.jpg
B088MGD5K1	https://m.media-amazon.com/images/I/51lg2CM-zsL._SL300_.jpg
B078KNWTHK	https://m.media-amazon.com/images/I/41CYEZQAp3L._SL300_.jpg
B09WY6Z8KD	https://m.media-amazon.com/images/I/41jiySKmibL._SL300_.jpg
1705223486	https://m.media-amazon.com/images/I/510FhWSg69L._SL300_.jpg
B0BT54XTLW	https://m.media-amazon.com/images/I/41EO0rCC2iL._SL300_.jpg
0593394763	https://m.media-amazon.com/images/I/41U8b9qyLZL._SL300_.jpg
1401960774	https://m.media-amazon.com/images/I/51BrFKqaYBL._SL300_.jpg
B015EXHPCI	https://m.media-amazon.com/images/I/51k+fIINMlL._SL300_.jpg
B07C48SWTD	https://m.media-amazon.com/images/I/51H-E80WaoL._SL300_.jpg
1984887440	https://m.media-amazon.com/images/I/41z3IyTizUL._SL300_.jpg
B075FG7HLK	https://m.media-amazon.com/images/I/519UTsuIuDL._SL300_.jpg
B00DEK2G46	https://m.media-amazon.com/images/I/41kCC3AmPML._SL300_.jpg
0593506286	https://m.media-amazon.com/images/I/31pAMBy9dfL._SL300_.jpg
1629976156	https://m.media-amazon.com/images/I/51YRNU8sK6L._SL300_.jpg
1639294759	https://m.media-amazon.com/images/I/51CtBEGOIFL._SL300_.jpg
B0C6YM6Q41	https://m.media-amazon.com/images/I/51zJEcBkvpL._SL300_.jpg
B00H4E0YUQ	https://m.media-amazon.com/images/I/41TB92AuG+L._SL300_.jpg
B01DTE9WOI	https://m.media-amazon.com/images/I/414o-E7FbnL._SL300_.jpg
0593148495	https://m.media-amazon.com/images/I/41APXU831vL._SL300_.jpg
B0DH2PTN89	https://m.media-amazon.com/images/I/51596ILeIFL._SL300_.jpg
B0BW1GCBFP	https://m.media-amazon.com/images/I/41by0OKuf5L._SL300_.jpg
B01LYNXXEE	https://m.media-amazon.com/images/I/51JNgfQKu2L._SL300_.jpg
B072PRFBPQ	https://m.media-amazon.com/images/I/41ZK9oLxQ4L._SL300_.jpg
B00N44XTP2	https://m.media-amazon.com/images/I/51XTE88yYpL._SL300_.jpg
B00D94332Q	https://m.media-amazon.com/images/I/51YCdP7W41L._SL300_.jpg
B00DIFFY6E	https://m.media-amazon.com/images/I/51vli9PynSL._SL300_.jpg
B093DLKB5S	https://m.media-amazon.com/images/I/51ZIIxCsGRS._SL300_.jpg
163929113X	https://m.media-amazon.com/images/I/418SBOeS3qL._SL300_.jpg
B09MV39LHQ	https://m.media-amazon.com/images/I/51t9JyigW+L._SL300_.jpg
B0BDHQ3KPL	https://m.media-amazon.com/images/I/41A+-kjaZNL._SL300_.jpg
1639291377	https://m.media-amazon.com/images/I/51ub7DhIPUS._SL300_.jpg
B002V59YHM	https://m.media-amazon.com/images/I/51nFesLEkqL._SL300_.jpg
1797123769	https://m.media-amazon.com/images/I/51ru0YvEW0L._SL300_.jpg
B01CF5O89G	https://m.media-amazon.com/images/I/51gx6VN0-UL._SL300_.jpg
B00TJJNSQG	https://m.media-amazon.com/images/I/41iSvvwsRyL._SL300_.jpg
B00DIEGPTA	https://m.media-amazon.com/images/I/519lkXBIpOL._SL300_.jpg
B014GCH3DE	https://m.media-amazon.com/images/I/51WqYPXxdIL._SL300_.jpg
B013F5WEZK	https://m.media-amazon.com/images/I/51hAGh15bTL._SL300_.jpg
B002V5BV96	https://m.media-amazon.com/images/I/51PWIy1rHUL._SL300_.jpg
1549150340	https://m.media-amazon.com/images/I/41iIiO5YqRL._SL300_.jpg
B074V1XGSZ	https://m.media-amazon.com/images/I/51LsRTyNcqL._SL300_.jpg
B0CNFJ1BVP	https://m.media-amazon.com/images/I/61DxEou6hFL._SL300_.jpg
B0742K1G4Q	https://m.media-amazon.com/images/I/41LErrZpDHL._SL300_.jpg
B0F1QKGJ6J	https://m.media-amazon.com/images/I/41XF1kNRkoL._SL300_.jpg
B0DDD8R9LR	https://m.media-amazon.com/images/I/51sRjVOgNuL._SL300_.jpg
0593148916	https://m.media-amazon.com/images/I/51u9mxDVWoL._SL300_.jpg
B0FPGKZZHL	https://m.media-amazon.com/images/I/51UnCwR2YoL._SL300_.jpg
B0BBYZFBQW	https://m.media-amazon.com/images/I/51YHMUEmP7L._SL300_.jpg
1663714983	https://m.media-amazon.com/images/I/41d80P4AJfL._SL300_.jpg
B0BM3S2JYZ	https://m.media-amazon.com/images/I/41HW7M-iHcL._SL300_.jpg
B00HZNTRE0	https://m.media-amazon.com/images/I/51o-DT4Z33L._SL300_.jpg
B00HM8YEHI	https://m.media-amazon.com/images/I/51+yJ4yn+YL._SL300_.jpg
B01JBCEBLQ	https://m.media-amazon.com/images/I/41vTiaG9DHL._SL300_.jpg
B002V0QVY6	https://m.media-amazon.com/images/I/51fhNaNM87L._SL300_.jpg
B01A7Q6672	https://m.media-amazon.com/images/I/41FxHFOiZLL._SL300_.jpg
B01B89LABY	https://m.media-amazon.com/images/I/41+kDA85CVL._SL300_.jpg
B0B3L2T9W5	https://m.media-amazon.com/images/I/51l+1wW-S5L._SL300_.jpg
B0D6WK8QLR	https://m.media-amazon.com/images/I/51J38rNyV2L._SL300_.jpg
B07DKHSL3W	https://m.media-amazon.com/images/I/41xOszv636L._SL300_.jpg
0593164954	https://m.media-amazon.com/images/I/51Q-3dfC8xL._SL300_.jpg
B06Y4VPJSJ	https://m.media-amazon.com/images/I/51M168EKmQL._SL300_.jpg
B002V0M6D6	https://m.media-amazon.com/images/I/51zG-wrMNQL._SL300_.jpg
B005LXV0HI	https://m.media-amazon.com/images/I/41jkBZCMt3L._SL300_.jpg
B06XBYMVNW	https://m.media-amazon.com/images/I/514DKYMoPeL._SL300_.jpg
B002V00XJK	https://m.media-amazon.com/images/I/41K-Xd6ltgL._SL300_.jpg
B00EAGV2BQ	https://m.media-amazon.com/images/I/51RQ25HPUGL._SL300_.jpg
B0CLYMKKCW	https://m.media-amazon.com/images/I/41vtstd4vdL._SL300_.jpg
1980090939	https://m.media-amazon.com/images/I/51+nJbsDmEL._SL300_.jpg
B004285S6W	https://m.media-amazon.com/images/I/51YRwtRNnpL._SL300_.jpg
B00TG190XW	https://m.media-amazon.com/images/I/51CZeQalC9L._SL300_.jpg
B0FNDTVTNR	https://m.media-amazon.com/images/I/41iS++L10qL._SL300_.jpg
B007TKVPO4	https://m.media-amazon.com/images/I/51Mfdk23bcL._SL300_.jpg
B003HU6KLI	https://m.media-amazon.com/images/I/51JNVVaYlNL._SL300_.jpg
B0C8PY2XLV	https://m.media-amazon.com/images/I/419UCHXXemL._SL300_.jpg
B0BQZD7C3J	https://m.media-amazon.com/images/I/41VChnb6yxL._SL300_.jpg
B0C1KWHFKG	https://m.media-amazon.com/images/I/41BlRR9HBdL._SL300_.jpg
B00CFND1RE	https://m.media-amazon.com/images/I/51MRbyUYr2L._SL300_.jpg
B09ZF93BWC	https://m.media-amazon.com/images/I/41C23sxHJqL._SL300_.jpg
B00K58XOIW	https://m.media-amazon.com/images/I/31GognQo6YL._SL300_.jpg
B0BJ7N3QXZ	https://m.media-amazon.com/images/I/41yb2EWRGtL._SL300_.jpg
1469076535	https://m.media-amazon.com/images/I/413JbFMfLmL._SL300_.jpg
B09HW8D56M	https://m.media-amazon.com/images/I/51iwlKuZEyL._SL300_.jpg
0593555570	https://m.media-amazon.com/images/I/41O7gS0Ex3L._SL300_.jpg
B0C1HLWXS2	https://m.media-amazon.com/images/I/41au+bhFgML._SL300_.jpg
B01D24NLWO	https://m.media-amazon.com/images/I/51HiU+5mTwL._SL300_.jpg
B096KYWQLP	https://m.media-amazon.com/images/I/41810jq+YYS._SL300_.jpg
1797100475	https://m.media-amazon.com/images/I/41Cr-a7857L._SL300_.jpg
0063097796	https://m.media-amazon.com/images/I/51BnAdZmzuS._SL300_.jpg
B002V0A7X2	https://m.media-amazon.com/images/I/41CfLy1VHQL._SL300_.jpg
B004Y6M18U	https://m.media-amazon.com/images/I/51dTcSvoJtL._SL300_.jpg
B00PX8F266	https://m.media-amazon.com/images/I/51jomGKta8L._SL300_.jpg
B00DBBK9K6	https://m.media-amazon.com/images/I/61pYLity4NL._SL300_.jpg
B01JB2JQE8	https://m.media-amazon.com/images/I/51gqP7-wMsL._SL300_.jpg
1469081393	https://m.media-amazon.com/images/I/41Chb00ZTSL._SL300_.jpg
B002V0JWP6	https://m.media-amazon.com/images/I/51GeSeOJryL._SL300_.jpg
B09V1X5QC1	https://m.media-amazon.com/images/I/41ooZTUpP0L._SL300_.jpg
B0786WJCDC	https://m.media-amazon.com/images/I/51RYZz6DRzL._SL300_.jpg
1639291814	https://m.media-amazon.com/images/I/41y5n4RzRQL._SL300_.jpg
B015TVHUA2	https://m.media-amazon.com/images/I/41IO3eCc9hL._SL300_.jpg
1662141130	https://m.media-amazon.com/images/I/51HHCpWFcfL._SL300_.jpg
B00NT9CPFM	https://m.media-amazon.com/images/I/51O9lBT2S2L._SL300_.jpg
B01N22A4JH	https://m.media-amazon.com/images/I/51mwim2pHWL._SL300_.jpg
0593291352	https://m.media-amazon.com/images/I/516OBygEerL._SL300_.jpg
1984842005	https://m.media-amazon.com/images/I/51sBYxjU3tL._SL300_.jpg
1250259932	https://m.media-amazon.com/images/I/41h3VSzn8hL._SL300_.jpg
B06XY5L8GZ	https://m.media-amazon.com/images/I/51-HbcasYoL._SL300_.jpg
B0753W43B1	https://m.media-amazon.com/images/I/41yGM8LleOL._SL300_.jpg
B0F71ZM8YL	https://m.media-amazon.com/images/I/41U8k2KOgFL._SL300_.jpg
B00UVX3HRE	https://m.media-amazon.com/images/I/51-DGYCqHYL._SL300_.jpg
B0F4NRP9T2	https://m.media-amazon.com/images/I/41CVGdJsGRL._SL300_.jpg
B07BN2GNQQ	https://m.media-amazon.com/images/I/41YhMvkZDQL._SL300_.jpg
B002V0KT8K	https://m.media-amazon.com/images/I/51UnfINK1YL._SL300_.jpg
B00CDVYKUA	https://m.media-amazon.com/images/I/51XqmrgU-3L._SL300_.jpg
B002V08E64	https://m.media-amazon.com/images/I/41V9HNQcdzL._SL300_.jpg
B01EGCAWQO	https://m.media-amazon.com/images/I/518SzRCF+HL._SL300_.jpg
B07K8X8P3F	https://m.media-amazon.com/images/I/51SfoIw1zPL._SL300_.jpg
B002V8KQEY	https://m.media-amazon.com/images/I/51EOHbES9aL._SL300_.jpg
B002VA3GQW	https://m.media-amazon.com/images/I/51xydp3WGsL._SL300_.jpg
1978632657	https://m.media-amazon.com/images/I/51C0vIEac0L._SL300_.jpg
B01AKIYNZE	https://m.media-amazon.com/images/I/51fpJ4CGeUL._SL300_.jpg
B09MGC94DG	https://m.media-amazon.com/images/I/41Y3EP2t82L._SL300_.jpg
B002V59XXW	https://m.media-amazon.com/images/I/51CtmMu8FvL._SL300_.jpg
B09GPX6PFJ	https://m.media-amazon.com/images/I/41atqROBKBL._SL300_.jpg
B09M6DZ8PL	https://m.media-amazon.com/images/I/51sWHQDk5DL._SL300_.jpg
1250802873	https://m.media-amazon.com/images/I/51PKsAaV6+L._SL300_.jpg
B076PN6ZM7	https://m.media-amazon.com/images/I/51L0y+CFK8L._SL300_.jpg
1984891170	https://m.media-amazon.com/images/I/51s11AU4otL._SL300_.jpg
B078F6154Q	https://m.media-amazon.com/images/I/513kiui3KcL._SL300_.jpg
B077BPKPZQ	https://m.media-amazon.com/images/I/41lsdCJDPzL._SL300_.jpg
B082474WC4	https://m.media-amazon.com/images/I/51rgncTcFOL._SL300_.jpg
B00839289G	https://m.media-amazon.com/images/I/51C3TtN2v6L._SL300_.jpg
0593290097	https://m.media-amazon.com/images/I/31iTuswOsmL._SL300_.jpg
B01MZ6RMS4	https://m.media-amazon.com/images/I/413AF17llPL._SL300_.jpg
0593171004	https://m.media-amazon.com/images/I/41aoxtHpbaL._SL300_.jpg
B004YDJJEC	https://m.media-amazon.com/images/I/51XdyyBsP9L._SL300_.jpg
B01F47CEN4	https://m.media-amazon.com/images/I/51xAzTF9ZoL._SL300_.jpg
B002V01GWS	https://m.media-amazon.com/images/I/51Q1Yd3deuL._SL300_.jpg
B07F77R461	https://m.media-amazon.com/images/I/41yxyrzpvuL._SL300_.jpg
1452652171	https://m.media-amazon.com/images/I/61ohIdFlPsL._SL300_.jpg
B0C4C7JT5P	https://m.media-amazon.com/images/I/41H9BmjSzqL._SL300_.jpg
0593459326	https://m.media-amazon.com/images/I/51rUR+d3wVL._SL300_.jpg
B0CF3Y292C	https://m.media-amazon.com/images/I/51IMNDojXBL._SL300_.jpg
B07VZ2JKQP	https://m.media-amazon.com/images/I/51Ht2D3eE3L._SL300_.jpg
B0CY6F7V18	https://m.media-amazon.com/images/I/41nW4qomz5L._SL300_.jpg
1400229340	https://m.media-amazon.com/images/I/512r6UyZTgL._SL300_.jpg
0525642218	https://m.media-amazon.com/images/I/41aNxcYP2RL._SL300_.jpg
B09MJLT1M9	https://m.media-amazon.com/images/I/51eVoDam-8L._SL300_.jpg
B0BQ1T8WR8	https://m.media-amazon.com/images/I/410oxyQw83L._SL300_.jpg
B01KIPHEPA	https://m.media-amazon.com/images/I/51omg7WRcgL._SL300_.jpg
B078KF1LZ5	https://m.media-amazon.com/images/I/41+Ou7i7VDL._SL300_.jpg
0241989906	https://m.media-amazon.com/images/I/516fFbeIqiL._SL300_.jpg
B0D32BM5VR	https://m.media-amazon.com/images/I/41bjumZq9UL._SL300_.jpg
B07C8GVTB5	https://m.media-amazon.com/images/I/41AbpgAXGoL._SL300_.jpg
1469080966	https://m.media-amazon.com/images/I/610tS1EpU0L._SL300_.jpg
0593162927	https://m.media-amazon.com/images/I/41VrnRGEEgL._SL300_.jpg
B0BMDQVWW3	https://m.media-amazon.com/images/I/41C0dnGHXAL._SL300_.jpg
B00GP3R02M	https://m.media-amazon.com/images/I/51g+-J-995L._SL300_.jpg
B00DP5FPRK	https://m.media-amazon.com/images/I/51wLumlCMbL._SL300_.jpg
B0C4C63KT2	https://m.media-amazon.com/images/I/41fW79D1EAL._SL300_.jpg
179711333X	https://m.media-amazon.com/images/I/41tiz-RL2CL._SL300_.jpg
B0779LJ33G	https://m.media-amazon.com/images/I/61g10-teltL._SL300_.jpg
B07BMHFBCM	https://m.media-amazon.com/images/I/51HNGEmZEnL._SL300_.jpg
1469081911	https://m.media-amazon.com/images/I/51aXk0xE8cL._SL300_.jpg
B0C4VNYTW6	https://m.media-amazon.com/images/I/41kDHt4T-AL._SL300_.jpg
0525499334	https://m.media-amazon.com/images/I/41J4A8QIMHL._SL300_.jpg
B002UUFW5G	https://m.media-amazon.com/images/I/41H4xsvm4GL._SL300_.jpg
B0767PHFYR	https://m.media-amazon.com/images/I/51EL0V6ZKAL._SL300_.jpg
B00VAZZY32	https://m.media-amazon.com/images/I/51Fi5Fq4u5L._SL300_.jpg
B0812C4NC9	https://m.media-amazon.com/images/I/51+3lvlXNuL._SL300_.jpg
B071P3SQ2Z	https://m.media-amazon.com/images/I/414UzZxaSFL._SL300_.jpg
1797120212	https://m.media-amazon.com/images/I/51I0tbPS9WL._SL300_.jpg
1250788048	https://m.media-amazon.com/images/I/51797uvcYrL._SL300_.jpg
0062346725	https://m.media-amazon.com/images/I/51mTDbNjwaL._SL300_.jpg
B0D5RH8MTX	https://m.media-amazon.com/images/I/41tzpa44XrL._SL300_.jpg
B078RPW8GM	https://m.media-amazon.com/images/I/51Xo0B3uZ5L._SL300_.jpg
B01CRM17MS	https://m.media-amazon.com/images/I/51SGjt9pPlL._SL300_.jpg
B01B6WSMHI	https://m.media-amazon.com/images/I/51bGhYfO9KL._SL300_.jpg
B00FPMTFRM	https://m.media-amazon.com/images/I/41mf3zSewKL._SL300_.jpg
1549144936	https://m.media-amazon.com/images/I/41WWuGgnU9L._SL300_.jpg
x-168-hours	https://covers.openlibrary.org/b/isbn/9781591844105-L.jpg?default=false	https://images-na.ssl-images-amazon.com/images/P/159184410X.01.LZZZZZZZ.jpg
x-the-book-of-no	https://covers.openlibrary.org/b/isbn/9780071460781-L.jpg?default=false	https://images-na.ssl-images-amazon.com/images/P/0071460780.01.LZZZZZZZ.jpg
x-rethinking-positive-thinking	https://covers.openlibrary.org/b/isbn/9781591846871-L.jpg?default=false	https://images-na.ssl-images-amazon.com/images/P/1591846870.01.LZZZZZZZ.jpg
x-it-worked-for-me	https://covers.openlibrary.org/b/isbn/9780062135124-L.jpg?default=false	https://images-na.ssl-images-amazon.com/images/P/0062135120.01.LZZZZZZZ.jpg
